date,recession,cpi,gdp,unemployment,m2,fed_funds,ten_two,residential
1/1/1947,0,21.5,2182.681,,,,,
2/1/1947,0,21.5,,,,,,
3/1/1947,0,21.9,,,,,,
4/1/1947,0,21.9,2176.892,,,,,
5/1/1947,0,21.9,,,,,,
6/1/1947,0,22,,,,,,
7/1/1947,0,22.2,2172.432,,,,,
8/1/1947,0,22.5,,,,,,
9/1/1947,0,23,,,,,,
10/1/1947,0,23,2206.452,,,,,
11/1/1947,0,23.1,,,,,,
12/1/1947,0,23.4,,,,,,
1/1/1948,0,23.7,2239.682,4,,,,
2/1/1948,0,23.5,,4.7,,,,
3/1/1948,0,23.4,,4.5,,,,
4/1/1948,0,23.8,2276.69,4,,,,
5/1/1948,0,23.9,,3.4,,,,
6/1/1948,0,24.1,,3.9,,,,
7/1/1948,0,24.4,2289.77,3.9,,,,
8/1/1948,0,24.5,,3.6,,,,
9/1/1948,0,24.5,,3.4,,,,
10/1/1948,0,24.4,2292.364,2.9,,,,
11/1/1948,0,24.2,,3.3,,,,
12/1/1948,1,24.1,,3.6,,,,
1/1/1949,1,24,2260.807,5,,,,
2/1/1949,1,23.8,,5.8,,,,
3/1/1949,1,23.8,,5.6,,,,
4/1/1949,1,23.9,2253.128,5.4,,,,
5/1/1949,1,23.8,,5.7,,,,
6/1/1949,1,23.9,,6.4,,,,
7/1/1949,1,23.7,2276.424,7,,,,
8/1/1949,1,23.8,,6.3,,,,
9/1/1949,1,23.9,,5.9,,,,
10/1/1949,1,23.7,2257.352,6.1,,,,
11/1/1949,0,23.8,,5.7,,,,
12/1/1949,0,23.6,,6,,,,
1/1/1950,0,23.5,2346.104,7.6,,,,
2/1/1950,0,23.5,,7.9,,,,
3/1/1950,0,23.6,,7.1,,,,
4/1/1950,0,23.6,2417.682,6,,,,
5/1/1950,0,23.7,,5.3,,,,
6/1/1950,0,23.8,,5.6,,,,
7/1/1950,0,24.1,2511.127,5.3,,,,
8/1/1950,0,24.3,,4.1,,,,
9/1/1950,0,24.4,,4,,,,
10/1/1950,0,24.6,2559.214,3.3,,,,
11/1/1950,0,24.7,,3.8,,,,
12/1/1950,0,25,,3.9,,,,
1/1/1951,0,25.4,2593.967,4.4,,,,
2/1/1951,0,25.7,,4.2,,,,
3/1/1951,0,25.8,,3.8,,,,
4/1/1951,0,25.8,2638.898,3.2,,,,
5/1/1951,0,25.9,,2.9,,,,
6/1/1951,0,25.9,,3.4,,,,
7/1/1951,0,25.9,2693.259,3.3,,,,
8/1/1951,0,25.9,,2.9,,,,
9/1/1951,0,26.1,,3,,,,
10/1/1951,0,26.2,2699.156,2.8,,,,
11/1/1951,0,26.4,,3.2,,,,
12/1/1951,0,26.5,,2.9,,,,
1/1/1952,0,26.5,2727.954,3.7,,,,
2/1/1952,0,26.3,,3.8,,,,
3/1/1952,0,26.3,,3.3,,,,
4/1/1952,0,26.4,2733.8,3,,,,
5/1/1952,0,26.4,,2.9,,,,
6/1/1952,0,26.5,,3.2,,,,
7/1/1952,0,26.7,2753.517,3.3,,,,
8/1/1952,0,26.7,,3.1,,,,
9/1/1952,0,26.7,,2.7,,,,
10/1/1952,0,26.7,2843.941,2.4,,,,
11/1/1952,0,26.7,,2.5,,,,
12/1/1952,0,26.7,,2.5,,,,
1/1/1953,0,26.6,2896.811,3.4,,,,
2/1/1953,0,26.5,,3.2,,,,
3/1/1953,0,26.6,,2.9,,,,
4/1/1953,0,26.6,2919.206,2.8,,,,
5/1/1953,0,26.7,,2.5,,,,
6/1/1953,0,26.8,,2.7,,,,
7/1/1953,0,26.8,2902.785,2.7,,,,
8/1/1953,1,26.9,,2.4,,,,
9/1/1953,1,26.9,,2.6,,,,
10/1/1953,1,27,2858.845,2.5,,,,
11/1/1953,1,26.9,,3.2,,,,
12/1/1953,1,26.9,,4.2,,,,
1/1/1954,1,26.9,2845.192,5.7,,,,
2/1/1954,1,26.9,,6.3,,,,
3/1/1954,1,26.9,,6.4,,,,
4/1/1954,1,26.8,2848.305,6.1,,,,
5/1/1954,1,26.9,,5.7,,,,
6/1/1954,0,26.9,,5.7,,,,
7/1/1954,0,26.9,2880.482,5.7,,0.799354839,,
8/1/1954,0,26.9,,5.4,,1.220645161,,
9/1/1954,0,26.8,,5.3,,1.066666667,,
10/1/1954,0,26.8,2936.852,4.6,,0.848709677,,
11/1/1954,0,26.8,,4.9,,0.833666667,,
12/1/1954,0,26.7,,4.8,,1.277741935,,
1/1/1955,0,26.7,3020.746,5.8,,1.391290323,,
2/1/1955,0,26.7,,5.7,,1.291785714,,
3/1/1955,0,26.7,,5.2,,1.346774194,,
4/1/1955,0,26.7,3069.91,4.9,,1.427666667,,
5/1/1955,0,26.7,,4.2,,1.433225806,,
6/1/1955,0,26.7,,4.4,,1.644666667,,
7/1/1955,0,26.8,3111.379,4,,1.682258065,,
8/1/1955,0,26.8,,3.8,,1.956451613,,
9/1/1955,0,26.9,,3.5,,2.178666667,,
10/1/1955,0,26.9,3130.068,3.4,,2.240322581,,
11/1/1955,0,26.9,,3.8,,2.354333333,,
12/1/1955,0,26.8,,3.9,,2.482258065,,
1/1/1956,0,26.8,3117.922,4.7,,2.453870968,,
2/1/1956,0,26.8,,4.8,,2.495862069,,
3/1/1956,0,26.8,,4.7,,2.498064516,,
4/1/1956,0,26.9,3143.694,4.1,,2.623333333,,
5/1/1956,0,27,,4.2,,2.75,,
6/1/1956,0,27.2,,4.7,,2.708333333,,
7/1/1956,0,27.4,3140.874,4.4,,2.746129032,,
8/1/1956,0,27.3,,3.7,,2.734193548,,
9/1/1956,0,27.4,,3.4,,2.95,,
10/1/1956,0,27.5,3192.57,3.1,,2.964516129,,
11/1/1956,0,27.5,,3.9,,2.882,,
12/1/1956,0,27.6,,4,,2.941612903,,
1/1/1957,0,27.6,3213.011,4.9,,2.843548387,,
2/1/1957,0,27.7,,4.7,,3,,
3/1/1957,0,27.8,,4.3,,2.961935484,,
4/1/1957,0,27.9,3205.97,4,,3,,
5/1/1957,0,28,,3.9,,3,,
6/1/1957,0,28.1,,4.6,,3,,
7/1/1957,0,28.3,3237.386,4.1,,2.990322581,,
8/1/1957,0,28.3,,3.7,,3.242903226,,
9/1/1957,1,28.3,,3.7,,3.466666667,,
10/1/1957,1,28.3,3203.894,3.6,,3.5,,
11/1/1957,1,28.4,,4.6,,3.275,,
12/1/1957,1,28.4,,5,,2.983870968,,
1/1/1958,1,28.6,3120.724,6.8,,2.718064516,,
2/1/1958,1,28.6,,7.7,,1.674642857,,
3/1/1958,1,28.8,,7.7,,1.197741935,,
4/1/1958,1,28.9,3141.224,7.5,,1.264,,
5/1/1958,0,28.9,,7.1,,0.626774194,,
6/1/1958,0,28.9,,7.6,,0.930333333,,
7/1/1958,0,29,3213.884,7.4,,0.682903226,,
8/1/1958,0,28.9,,6.7,,1.529354839,,
9/1/1958,0,28.9,,6,,1.758666667,,
10/1/1958,0,28.9,3289.032,5.5,,1.802903226,,
11/1/1958,0,29,,5.6,,2.266666667,,
12/1/1958,0,28.9,,6,,2.423870968,,
1/1/1959,0,29,3352.129,7,289.8,2.484193548,,
2/1/1959,0,28.9,,7,287.7,2.428571429,,
3/1/1959,0,28.9,,6.4,287.9,2.803870968,,
4/1/1959,0,29,3427.667,5.2,290.2,2.958333333,,
5/1/1959,0,29,,4.9,290.2,2.89516129,,
6/1/1959,0,29.1,,5.4,292.5,3.391666667,,
7/1/1959,0,29.2,3430.057,5.2,294.4,3.467741935,,
8/1/1959,0,29.2,,4.8,294.8,3.5,,
9/1/1959,0,29.3,,4.7,296.1,3.758333333,,
10/1/1959,0,29.4,3439.832,4.7,296.9,3.983870968,,
11/1/1959,0,29.4,,5.3,297.8,4,,
12/1/1959,0,29.4,,5.1,300.6,3.991935484,,
1/1/1960,0,29.3,3517.181,6.1,301.5,3.991935484,,
2/1/1960,0,29.4,,5.7,298.5,3.965517241,,
3/1/1960,0,29.4,,6.1,298.2,3.838709677,,
4/1/1960,0,29.5,3498.246,5.2,300.3,3.916666667,,
5/1/1960,1,29.5,,4.8,298.9,3.846774194,,
6/1/1960,1,29.6,,5.8,300.9,3.316666667,,
7/1/1960,1,29.6,3515.385,5.5,303.5,3.225806452,,
8/1/1960,1,29.6,,5.2,305.2,2.975806452,,
9/1/1960,1,29.6,,4.7,307.8,2.6,,
10/1/1960,1,29.8,3470.278,5,309.9,2.467741935,,
11/1/1960,1,29.8,,5.6,311.7,2.441666667,,
12/1/1960,1,29.8,,6.4,315.3,1.983870968,,
1/1/1961,1,29.8,3493.703,7.7,317.5,1.447741935,,
2/1/1961,1,29.8,,8.1,316.6,2.544642857,,
3/1/1961,0,29.8,,7.7,317.2,2.024193548,,
4/1/1961,0,29.8,3553.021,7,320.2,1.491666667,,
5/1/1961,0,29.8,,6.6,320,1.975806452,,
6/1/1961,0,29.8,,7.3,322.7,1.725,,
7/1/1961,0,30,3621.252,6.9,324.9,1.169354839,,
8/1/1961,0,29.9,,6.2,325.8,2,,
9/1/1961,0,30,,5.8,328.8,1.875,,
10/1/1961,0,30,3692.289,5.5,331.5,2.258064516,,
11/1/1961,0,30,,5.6,334.1,2.608333333,,
12/1/1961,0,30,,5.8,338.5,2.330645161,,
1/1/1962,0,30,3758.147,6.7,341.1,2.14516129,,
2/1/1962,0,30.1,,6.5,340.3,2.366071429,,
3/1/1962,0,30.1,,6.2,342.1,2.85483871,,
4/1/1962,0,30.2,3792.149,5.5,346,2.783333333,,
5/1/1962,0,30.2,,5.1,345,2.362903226,,
6/1/1962,0,30.2,,5.9,347.7,2.683333333,,
7/1/1962,0,30.3,3838.776,5.3,350.1,2.709677419,,
8/1/1962,0,30.3,,5.3,350.9,2.927419355,,
9/1/1962,0,30.4,,4.9,353.9,2.9,,
10/1/1962,0,30.4,3851.421,4.5,357.5,2.896129032,,
11/1/1962,0,30.4,,5.3,360.5,2.943333333,,
12/1/1962,0,30.4,,5.3,365.8,2.933225806,,
1/1/1963,0,30.4,3893.482,6.6,369.1,2.916129032,,
2/1/1963,0,30.4,,6.9,368,3,,
3/1/1963,0,30.5,,6.3,369.8,2.984193548,,
4/1/1963,0,30.5,3937.183,5.6,373.8,2.900666667,,
5/1/1963,0,30.5,,5.5,373.4,3,,
6/1/1963,0,30.6,,6.2,376.7,2.991666667,,
7/1/1963,0,30.7,4023.755,5.6,380.2,3.016774194,,
8/1/1963,0,30.7,,5.2,381.5,3.488387097,,
9/1/1963,0,30.7,,4.8,384.9,3.479333333,,
10/1/1963,0,30.8,4050.147,4.7,388.8,3.496129032,,
11/1/1963,0,30.8,,5.3,392.3,3.483333333,,
12/1/1963,0,30.9,,5.3,396.4,3.375483871,,
1/1/1964,0,30.9,4135.553,6.4,399.5,3.483870968,,
2/1/1964,0,30.9,,6.2,397.6,3.482758621,,
3/1/1964,0,30.9,,5.9,398.9,3.427741935,,
4/1/1964,0,30.9,4180.592,5.3,402.4,3.467333333,,
5/1/1964,0,30.9,,4.8,401.3,3.496129032,,
6/1/1964,0,31,,5.9,405.3,3.5,,
7/1/1964,0,31.1,4245.918,4.9,409.3,3.419354839,,
8/1/1964,0,31,,4.8,411.1,3.5,,
9/1/1964,0,31.1,,4.5,415.7,3.45,,
10/1/1964,0,31.1,4259.046,4.4,419.9,3.359032258,,
11/1/1964,0,31.2,,4.5,422.9,3.517666667,,
12/1/1964,0,31.2,,4.7,428.3,3.846774194,,
1/1/1965,0,31.2,4362.111,5.5,432.3,3.903225806,,
2/1/1965,0,31.2,,5.7,430.1,3.982857143,,
3/1/1965,0,31.3,,5.1,432.2,4.046129032,,
4/1/1965,0,31.4,4417.225,4.7,436.2,4.091,,
5/1/1965,0,31.4,,4.3,433.7,4.100645161,,
6/1/1965,0,31.6,,5.3,438.4,4.046,,
7/1/1965,0,31.6,4515.427,4.5,442.1,4.092580645,,
8/1/1965,0,31.6,,4.2,443.3,4.121612903,,
9/1/1965,0,31.6,,3.8,448.4,4.016333333,,
10/1/1965,0,31.7,4619.458,3.6,453.6,4.080645161,,
11/1/1965,0,31.7,,3.9,456.7,4.104666667,,
12/1/1965,0,31.8,,3.7,463.1,4.32483871,,
1/1/1966,0,31.8,4731.888,4.4,467.1,4.422903226,,
2/1/1966,0,32,,4.2,463.7,4.6025,,
3/1/1966,0,32.1,,4,465.9,4.655806452,,
4/1/1966,0,32.3,4748.046,3.6,470.1,4.671666667,,
5/1/1966,0,32.3,,3.7,466.2,4.897741935,,
6/1/1966,0,32.4,,4.6,469.6,5.172333333,,
7/1/1966,0,32.5,4788.254,3.9,470.3,5.299354839,,
8/1/1966,0,32.7,,3.6,470.1,5.534516129,,
9/1/1966,0,32.7,,3.3,474.6,5.397666667,,
10/1/1966,0,32.9,4827.537,3.2,476.9,5.532258065,,
11/1/1966,0,32.9,,3.4,478.1,5.758333333,,
12/1/1966,0,32.9,,3.5,483.7,5.39516129,,
1/1/1967,0,32.9,4870.299,4.2,486.4,4.943548387,,
2/1/1967,0,32.9,,4.2,483.6,5,,
3/1/1967,0,33,,3.9,488.1,4.532258065,,
4/1/1967,0,33.1,4873.287,3.5,492.9,4.054333333,,
5/1/1967,0,33.2,,3.2,493.3,3.94,,
6/1/1967,0,33.3,,4.6,500.9,3.984333333,,
7/1/1967,0,33.4,4919.392,4.1,506.2,3.794516129,,
8/1/1967,0,33.5,,3.7,508.6,3.896129032,,
9/1/1967,0,33.6,,3.7,514.2,3.988,,
10/1/1967,0,33.7,4956.477,3.8,519.3,3.880645161,,
11/1/1967,0,33.8,,3.7,521.6,4.126333333,,
12/1/1967,0,33.9,,3.5,528,4.51,,
1/1/1968,0,34.1,5057.553,4,531.9,4.606451613,,
2/1/1968,0,34.2,,4.2,528.1,4.712758621,,
3/1/1968,0,34.3,,3.8,531.6,5.053548387,,
4/1/1968,0,34.4,5142.033,3.2,536.9,5.759666667,,
5/1/1968,0,34.5,,2.9,535.4,6.115483871,,
6/1/1968,0,34.7,,4.5,542.2,6.073333333,,
7/1/1968,0,34.9,5181.859,4,546.2,6.026451613,,
8/1/1968,0,35,,3.5,547.6,6.031290323,,
9/1/1968,0,35.1,,3.3,553.1,5.776333333,,
10/1/1968,0,35.3,5202.212,3.2,558.5,5.913548387,,
11/1/1968,0,35.4,,3.3,562.5,5.818333333,,
12/1/1968,0,35.5,,3.1,569.7,6.019354839,,
1/1/1969,0,35.6,5283.597,3.7,573.5,6.300645161,,
2/1/1969,0,35.8,,3.7,569.1,6.612857143,,
3/1/1969,0,36.1,,3.5,572.8,6.793225806,,
4/1/1969,0,36.3,5299.625,3.2,577.4,7.414666667,,
5/1/1969,0,36.4,,2.9,573.5,8.670322581,,
6/1/1969,0,36.6,,4.1,578.7,8.901333333,,
7/1/1969,0,36.8,5334.6,3.8,580.6,8.613225806,,
8/1/1969,0,37,,3.5,578.4,9.185483871,,
9/1/1969,0,37.1,,3.7,581.3,9.15,,
10/1/1969,0,37.3,5308.556,3.5,583.7,9,,
11/1/1969,0,37.5,,3.3,584.8,8.85,,
12/1/1969,0,37.7,,3.2,590.1,8.971935484,,
1/1/1970,1,37.8,5300.652,4.2,592,8.976774194,,
2/1/1970,1,38,,4.7,583.4,8.978214286,,
3/1/1970,1,38.2,,4.6,587.3,7.762258065,,
4/1/1970,1,38.5,5308.164,4.3,592.9,8.096333333,,
5/1/1970,1,38.6,,4.1,590.8,7.946451613,,
6/1/1970,1,38.8,,5.6,597.5,7.605,,
7/1/1970,1,39,5357.077,5.3,601.2,7.21483871,,
8/1/1970,1,39,,5,603,6.61516129,,
9/1/1970,1,39.2,,5.2,608.7,6.289666667,,
10/1/1970,1,39.4,5299.672,5.1,614,6.203870968,,
11/1/1970,1,39.6,,5.5,618.2,5.601333333,,
12/1/1970,0,39.8,,5.6,627.8,4.900645161,,
1/1/1971,0,39.8,5443.619,6.6,635.5,4.142258065,,1.3825
2/1/1971,0,39.9,,6.6,638,3.720714286,,
3/1/1971,0,40,,6.3,650,3.711612903,,
4/1/1971,0,40.1,5473.059,5.7,663.5,4.156,,3.9645
5/1/1971,0,40.3,,5.3,666.1,4.632258065,,
6/1/1971,0,40.6,,6.5,675.9,4.911333333,,
7/1/1971,0,40.7,5518.072,6.2,682.3,5.308709677,,3.5154
8/1/1971,0,40.8,,5.9,683.7,5.566774194,,
9/1/1971,0,40.8,,5.8,689.7,5.553666667,,
10/1/1971,0,40.9,5531.032,5.4,695.6,5.199354839,,5.586
11/1/1971,0,40.9,,5.7,701.2,4.910333333,,
12/1/1971,0,41.1,,5.5,711.2,4.138387097,,
1/1/1972,0,41.1,5632.649,6.5,720,3.505806452,,3.1135
2/1/1972,0,41.3,,6.4,722.2,3.295517241,,
3/1/1972,0,41.4,,6.1,733.7,3.829354839,,
4/1/1972,0,41.5,5760.47,5.5,743.8,4.171,,3.5292
5/1/1972,0,41.6,,5.1,742.6,4.269677419,,
6/1/1972,0,41.7,,6.2,753.2,4.464666667,,
7/1/1972,0,41.9,5814.854,5.9,763,4.549032258,,4.5681
8/1/1972,0,42,,5.5,767,4.80516129,,
9/1/1972,0,42.1,,5.4,775.2,4.874333333,,
10/1/1972,0,42.3,5912.22,5.1,783.6,5.04516129,,3.866
11/1/1972,0,42.4,,4.9,790.2,5.056333333,,
12/1/1972,0,42.5,,4.8,803.1,5.332258065,,
1/1/1973,0,42.6,6058.544,5.5,812.3,5.944516129,,7.5698
2/1/1973,0,42.9,,5.6,810.1,6.584285714,,
3/1/1973,0,43.3,,5.2,815.6,7.090322581,,
4/1/1973,0,43.6,6124.506,4.8,825.4,7.124333333,,5.6011
5/1/1973,0,43.9,,4.4,825.8,7.839354839,,
6/1/1973,0,44.2,,5.4,837.2,8.491,,
7/1/1973,0,44.3,6092.301,5,840.7,10.4,,4.9116
8/1/1973,0,45.1,,4.7,837.4,10.49580645,,
9/1/1973,0,45.2,,4.7,836,10.78466667,,
10/1/1973,0,45.6,6150.131,4.2,839.3,10.01,,3.4597
11/1/1973,0,45.9,,4.6,845.3,10.03366667,,
12/1/1973,1,46.2,,4.6,856.5,9.947741935,,
1/1/1974,1,46.6,6097.258,5.7,861.5,9.648387097,,-0.0448
2/1/1974,1,47.2,,5.8,859.8,8.971785714,,
3/1/1974,1,47.8,,5.3,869.9,9.346129032,,
4/1/1974,1,48,6111.751,4.8,878.6,10.513,,-1.0483
5/1/1974,1,48.6,,4.6,873.4,11.30612903,,
6/1/1974,1,49,,5.8,881.9,11.933,,
7/1/1974,1,49.4,6053.978,5.7,886,12.92290323,,-1.7424
8/1/1974,1,50,,5.3,882.9,12.00516129,,
9/1/1974,1,50.6,,5.7,884.7,11.34333333,,
10/1/1974,1,51.1,6030.464,5.5,890.4,10.05774194,,-3.8414
11/1/1974,1,51.5,,6.2,895.4,9.447666667,,
12/1/1974,1,51.9,,6.7,903.5,8.530967742,,
1/1/1975,1,52.1,5957.035,9,908,7.131612903,,-2.6831
2/1/1975,1,52.5,,9.1,908.7,6.240714286,,
3/1/1975,1,52.7,,9.1,924.4,5.537419355,,
4/1/1975,0,52.9,5999.61,8.6,941.1,5.492666667,,-0.5639
5/1/1975,0,53.2,,8.3,946.2,5.221290323,,
6/1/1975,0,53.6,,9.1,966.9,5.548,,
7/1/1975,0,54.2,6102.326,8.7,979.7,6.095806452,,-0.5519
8/1/1975,0,54.3,,8.2,982.4,6.135483871,,
9/1/1975,0,54.6,,8.1,988.4,6.239,,
10/1/1975,0,54.9,6184.53,7.8,995.6,5.816129032,,2.0696
11/1/1975,0,55.3,,7.8,1004.8,5.215666667,,
12/1/1975,0,55.5,,7.8,1017.8,5.195483871,,
1/1/1976,0,55.6,6323.649,8.8,1028.3,4.867741935,,-2.352
2/1/1976,0,55.8,,8.7,1034.2,4.770689655,,
3/1/1976,0,55.9,,8.1,1047.7,4.837419355,,
4/1/1976,0,56.1,6370.025,7.4,1066.9,4.816,,-1.8562
5/1/1976,0,56.5,,6.8,1070.3,5.290645161,,
6/1/1976,0,56.8,,8,1080.8,5.476333333,0.8,
7/1/1976,0,57.1,6404.895,7.8,1091.6,5.306451613,0.98,-0.5824
8/1/1976,0,57.4,,7.6,1097.3,5.290967742,1.14,
9/1/1976,0,57.6,,7.4,1108.4,5.252,1.17,
10/1/1976,0,57.9,6451.177,7.2,1125.1,5.02483871,1.43,2.0001
11/1/1976,0,58,,7.4,1135,4.949,1.48,
12/1/1976,0,58.2,,7.4,1153.5,4.651290323,1.49,
1/1/1977,0,58.5,6527.703,8.3,1167.5,4.610967742,1.31,8.2422
2/1/1977,0,59.1,,8.5,1169.9,4.683214286,1.3,
3/1/1977,0,59.5,,7.9,1185.3,4.69,1.37,
4/1/1977,0,60,6654.466,6.9,1206.6,4.727333333,1.41,8.8474
5/1/1977,0,60.3,,6.4,1205.5,5.35,1.21,
6/1/1977,0,60.7,,7.5,1219.8,5.388666667,1.15,
7/1/1977,0,61,6774.457,7,1232.9,5.419354839,1.06,10.0508
8/1/1977,0,61.2,,6.8,1235.3,5.901935484,0.79,
9/1/1977,0,61.4,,6.6,1244.7,6.138333333,0.63,
10/1/1977,0,61.6,6774.592,6.4,1255.9,6.465483871,0.41,8.8112
11/1/1977,0,61.9,,6.5,1260.2,6.507666667,0.44,
12/1/1977,0,62.1,,6,1273,6.560645161,0.51,
1/1/1978,0,62.5,6796.26,7.1,1282.3,6.703548387,0.47,8.9839
2/1/1978,0,62.9,,6.9,1276.8,6.784285714,0.46,
3/1/1978,0,63.4,,6.6,1288.2,6.793225806,0.46,
4/1/1978,0,63.9,7058.92,5.8,1307.4,6.888666667,0.41,7.321
5/1/1978,0,64.5,,5.5,1304.8,7.36,0.34,
6/1/1978,0,65.2,,6.2,1319,7.596666667,0.22,
7/1/1978,0,65.7,7129.915,6.3,1330.1,7.810645161,0.15,6.9169
8/1/1978,0,66,,5.9,1331.4,8.035806452,0.04,
9/1/1978,0,66.5,,5.8,1344.7,8.449333333,-0.15,
10/1/1978,0,67.1,7225.75,5.4,1355.3,8.955483871,-0.21,6.0329
11/1/1978,0,67.4,,5.6,1358.1,9.755,-0.61,
12/1/1978,0,67.7,,5.7,1370.8,10.02870968,-0.71,
1/1/1979,0,68.3,7238.727,6.4,1375.2,10.07096774,-0.76,5.4025
2/1/1979,0,69.1,,6.4,1369.3,10.05857143,-0.62,
3/1/1979,0,69.8,,6.1,1384,10.08870968,-0.67,
4/1/1979,0,70.6,7246.454,5.5,1408.4,10.01033333,-0.6,5.5531
5/1/1979,0,71.5,,5.2,1402.7,10.24193548,-0.53,
6/1/1979,0,72.3,,6,1422.5,10.29166667,-0.31,
7/1/1979,0,73.1,7300.281,5.9,1439.3,10.4716129,-0.19,4.1675
8/1/1979,0,73.8,,5.9,1444.3,10.93612903,-0.43,
9/1/1979,0,74.6,,5.7,1454.5,11.42833333,-0.73,
10/1/1979,0,75.2,7318.535,5.6,1463.6,13.76870968,-1.19,3.9895
11/1/1979,0,75.9,,5.6,1466.4,13.18033333,-1.16,
12/1/1979,0,76.7,,5.7,1479,13.77870968,-1,
1/1/1980,0,77.8,7341.557,6.9,1486.2,13.81677419,-0.7,0.3098
2/1/1980,1,78.9,,6.8,1486.3,14.1262069,-1.01,
3/1/1980,1,80.1,,6.6,1497.2,17.19225806,-2.13,
4/1/1980,1,81,7190.289,6.7,1507.7,17.60766667,-1.03,-2.9342
5/1/1980,1,81.8,,7.1,1504.2,10.98322581,0.73,
6/1/1980,1,82.7,,7.8,1527.4,9.472,1.05,
7/1/1980,1,82.7,7181.743,7.9,1549.1,9.025806452,1.22,-1.9981
8/1/1980,0,83.3,,7.6,1560.7,9.605483871,0.57,
9/1/1980,0,84,,7.2,1573.1,10.872,-0.06,
10/1/1980,0,84.8,7315.677,7.1,1588.5,12.81354839,-0.34,-3.2088
11/1/1980,0,85.5,,7.1,1599,15.84866667,-0.83,
12/1/1980,0,86.3,,6.9,1604.8,18.89612903,-1.24,
1/1/1981,0,87,7459.022,8.2,1610.6,19.08451613,-0.69,-2.2678
2/1/1981,0,87.9,,8,1610.5,15.93428571,-0.73,
3/1/1981,0,88.5,,7.7,1633.2,14.70387097,-0.45,
4/1/1981,0,89.1,7403.745,7,1664.5,15.719,-0.47,-1.0429
5/1/1981,0,89.8,,7.1,1655.4,18.51774194,-1.36,
6/1/1981,0,90.6,,7.7,1667.1,19.09966667,-1.04,
7/1/1981,0,91.6,7492.405,7.3,1685.1,19.03580645,-1.07,-4.0972
8/1/1981,1,92.3,,7.2,1694.6,17.81774194,-1.34,
9/1/1981,1,93.2,,7.3,1706.4,15.874,-1.14,
10/1/1981,1,93.4,7410.768,7.5,1726.4,15.08,-0.39,-3.8452
11/1/1981,1,93.7,,7.9,1741,13.307,0.51,
12/1/1981,1,94,,8.3,1760.3,12.36903226,0.43,
1/1/1982,1,94.3,7295.631,9.4,1772.8,13.22064516,0.02,-3.4933
2/1/1982,1,94.6,,9.6,1765.3,14.77928571,-0.39,
3/1/1982,1,94.5,,9.5,1781.7,14.67774194,-0.33,
4/1/1982,1,94.9,7328.912,9.2,1807.9,14.937,-0.33,-3.744
5/1/1982,1,95.8,,9.1,1804.9,14.45483871,-0.16,
6/1/1982,1,97,,9.8,1822.7,14.15266667,-0.17,
7/1/1982,1,97.5,7300.896,9.8,1835,12.58677419,0.15,-3.7116
8/1/1982,1,97.7,,9.6,1845.9,10.11903226,0.74,
9/1/1982,1,97.9,,9.7,1859,10.30966667,0.56,
10/1/1982,1,98.2,7303.817,9.9,1875.6,9.707096774,0.72,-3.0105
11/1/1982,1,98,,10.4,1890.1,9.196333333,0.75,
12/1/1982,0,97.6,,10.5,1913.8,8.945483871,0.88,
1/1/1983,0,97.8,7400.066,11.4,1963.9,8.683225806,1.13,-1.5554
2/1/1983,0,97.9,,11.3,1985.8,8.508928571,1.08,
3/1/1983,0,97.9,,10.8,2009.6,8.766129032,0.85,
4/1/1983,0,98.6,7568.456,10,2033.7,8.802,0.83,-0.1738
5/1/1983,0,99.2,,9.8,2031.7,8.63,0.89,
6/1/1983,0,99.5,,10.2,2051.8,8.982,0.67,
7/1/1983,0,99.9,7719.746,9.4,2069.7,9.367741935,0.69,1.8011
8/1/1983,0,100.2,,9.2,2072.5,9.558387097,0.78,
9/1/1983,0,100.7,,8.8,2081.1,9.448,0.86,
10/1/1983,0,101,7880.794,8.4,2102.1,9.476129032,0.97,1.7189
11/1/1983,0,101.2,,8.1,2117.6,9.34,1.03,
12/1/1983,0,101.3,,8,2134,9.471290323,0.99,
1/1/1984,0,101.9,8034.847,8.8,2145,9.558387097,1.03,0.6722
2/1/1984,0,102.4,,8.4,2147.7,9.587586207,1.05,
3/1/1984,0,102.6,,8.1,2169,9.913225806,1.01,
4/1/1984,0,103.1,8173.67,7.6,2196,10.291,0.94,0.8481
5/1/1984,0,103.4,,7.2,2191.4,10.31935484,0.94,
6/1/1984,0,103.7,,7.4,2214.3,11.06166667,0.65,
7/1/1984,0,104.1,8252.465,7.5,2228,11.23419355,0.48,1.051
8/1/1984,0,104.5,,7.3,2228.9,11.63709677,0.29,
9/1/1984,0,105,,7.1,2242.8,11.30266667,0.32,
10/1/1984,0,105.3,8320.199,7,2259.7,9.985483871,0.56,0.6812
11/1/1984,0,105.3,,6.9,2286.3,9.425666667,0.92,
12/1/1984,0,105.3,,7,2318.5,8.381612903,1.32,
1/1/1985,0,105.5,8400.82,8,2339.6,8.349032258,1.45,1.147
2/1/1985,0,106,,7.8,2343.4,8.501428571,1.34,
3/1/1985,0,106.4,,7.5,2360.4,8.577419355,1.15,
4/1/1985,0,106.9,8474.787,7.1,2379.7,8.267333333,1.34,1.8921
5/1/1985,0,107.3,,7,2376.4,7.970967742,1.46,
6/1/1985,0,107.6,,7.5,2413.4,7.533333333,1.47,
7/1/1985,0,107.8,8604.22,7.4,2434.8,7.883870968,1.54,1.6577
8/1/1985,0,108,,6.9,2442.5,7.898387097,1.39,
9/1/1985,0,108.3,,6.9,2452.7,7.921333333,1.39,
10/1/1985,0,108.7,8668.188,6.8,2466.3,7.986451613,1.38,2.744
11/1/1985,0,109,,6.7,2482,8.050666667,1.2,
12/1/1985,0,109.3,,6.7,2504.1,8.274516129,1.11,
1/1/1986,0,109.6,8749.127,7.3,2510.8,8.14483871,1.05,4.0261
2/1/1986,0,109.3,,7.8,2502.1,7.86,0.73,
3/1/1986,0,108.8,,7.5,2527.6,7.479032258,0.57,
4/1/1986,0,108.6,8788.524,7,2564.8,6.988,0.6,5.2294
5/1/1986,0,108.9,,7,2571.1,6.852903226,0.64,
6/1/1986,0,109.5,,7.3,2605.3,6.916666667,0.62,
7/1/1986,0,109.5,8872.601,7,2632.4,6.557096774,0.63,6.7772
8/1/1986,0,109.7,,6.7,2645.9,6.170645161,0.84,
9/1/1986,0,110.2,,6.8,2661.7,5.890333333,1.1,
10/1/1986,0,110.3,8920.193,6.6,2684.4,5.845806452,1.15,6.7177
11/1/1986,0,110.4,,6.6,2705.2,6.039333333,0.97,
12/1/1986,0,110.5,,6.3,2740.7,6.907741935,0.84,
1/1/1987,0,111.2,8986.367,7.3,2753.5,6.426451613,0.85,7.0948
2/1/1987,0,111.6,,7.2,2735.2,6.101071429,0.85,
3/1/1987,0,112.1,,6.9,2748,6.128387097,0.83,
4/1/1987,0,112.7,9083.256,6.2,2778.9,6.365333333,1,5.8192
5/1/1987,0,113.1,,6.1,2759.7,6.852903226,0.85,
6/1/1987,0,113.5,,6.3,2773.4,6.725,0.83,
7/1/1987,0,113.8,9162.024,6.1,2785.2,6.582258065,1.01,5.1943
8/1/1987,0,114.4,,5.8,2787.5,6.732258065,1.01,
9/1/1987,0,115,,5.7,2793.3,7.216333333,1.08,
10/1/1987,0,115.3,9319.332,5.7,2811.2,7.288709677,1.12,5.3742
11/1/1987,0,115.4,,5.6,2821.6,6.693333333,1.17,
12/1/1987,0,115.4,,5.4,2838.3,6.769677419,1.13,
1/1/1988,0,115.7,9367.502,6.3,2857.2,6.833870968,1.04,4.1251
2/1/1988,0,116,,6.2,2858.8,6.582758621,1.03,
3/1/1988,0,116.5,,5.9,2886.7,6.575806452,1.1,
4/1/1988,0,117.1,9490.594,5.3,2925.3,6.871666667,1.13,4.4459
5/1/1988,0,117.5,,5.4,2910.7,7.086451613,1.09,
6/1/1988,0,118,,5.5,2935.3,7.509,0.89,
7/1/1988,0,118.5,9546.206,5.5,2953.2,7.75483871,0.78,4.8653
8/1/1988,0,119,,5.4,2949.8,8.009032258,0.63,
9/1/1988,0,119.8,,5.2,2950.1,8.193333333,0.52,
10/1/1988,0,120.2,9673.405,5,2962,8.296129032,0.45,5.1884
11/1/1988,0,120.3,,5.2,2982.7,8.345,0.29,
12/1/1988,0,120.5,,5,3000.6,8.760322581,0.02,
1/1/1989,0,121.1,9771.725,6,2998.9,9.121290323,-0.09,5.2692
2/1/1989,0,121.6,,5.6,2982.6,9.361071429,-0.2,
3/1/1989,0,122.3,,5.2,2999,9.848709677,-0.32,
4/1/1989,0,123.1,9846.293,5.1,3023.2,9.835333333,-0.27,3.848
5/1/1989,0,123.8,,5,2996,9.809032258,-0.16,
6/1/1989,0,124.1,,5.5,3022.6,9.53,-0.13,
7/1/1989,0,124.4,9919.228,5.3,3055.6,9.235483871,0.2,2.9447
8/1/1989,0,124.6,,5.1,3071.1,8.992258065,-0.03,
9/1/1989,0,125,,5.1,3086.3,9.021,-0.09,
10/1/1989,0,125.6,9938.767,5,3109.3,8.840645161,0.03,1.7087
11/1/1989,0,125.9,,5.2,3136,8.548,0.07,
12/1/1989,0,126.1,,5.1,3165.6,8.452580645,0.06,
1/1/1990,0,127.4,10047.386,6,3170.4,8.229032258,0.12,0.3457
2/1/1990,0,128,,5.9,3170.5,8.237142857,0.1,
3/1/1990,0,128.7,,5.5,3192.6,8.276774194,-0.04,
4/1/1990,0,128.9,10083.855,5.3,3219.8,8.255,0.07,-0.4294
5/1/1990,0,129.2,,5.2,3186.7,8.176451613,0.12,
6/1/1990,0,129.9,,5.4,3210.8,8.288666667,0.13,
7/1/1990,0,130.4,10090.569,5.6,3224.5,8.152580645,0.31,-2.8758
8/1/1990,1,131.6,,5.5,3238.7,8.134193548,0.69,
9/1/1990,1,132.7,,5.6,3249,8.195,0.81,
10/1/1990,1,133.5,9998.704,5.5,3253.7,8.112580645,0.84,-5.1477
11/1/1990,1,133.8,,5.9,3265.3,7.806666667,0.79,
12/1/1990,1,133.8,,6,3285.1,7.312903226,0.77,
1/1/1991,1,134.6,9951.916,7.1,3289.3,6.906451613,0.96,-6.3189
2/1/1991,1,134.8,,7.3,3296.3,6.2525,0.98,
3/1/1991,1,135,,7.2,3327.3,6.11516129,1.01,
4/1/1991,0,135.2,10029.51,6.5,3349.5,5.912333333,1.09,-5.3377
5/1/1991,0,135.6,,6.7,3330.3,5.782903226,1.29,
6/1/1991,0,136,,7,3349.7,5.899666667,1.32,
7/1/1991,0,136.2,10080.195,6.8,3354.4,5.820967742,1.35,-4.5566
8/1/1991,0,136.6,,6.6,3351.4,5.661290323,1.47,
9/1/1991,0,137.2,,6.5,3347.6,5.447,1.47,
10/1/1991,0,137.4,10115.329,6.5,3353.8,5.209677419,1.62,-3.5133
11/1/1991,0,137.8,,6.7,3371.2,4.811333333,1.86,
12/1/1991,0,137.9,,6.9,3386.4,4.434193548,2.06,
1/1/1992,0,138.1,10236.435,8.1,3383.2,4.034193548,2.07,-2.4472
2/1/1992,0,138.6,,8.2,3390.1,4.057586207,2.13,
3/1/1992,0,139.3,,7.8,3404.8,3.983225806,1.85,
4/1/1992,0,139.5,10347.429,7.2,3418.9,3.734666667,2.14,-3.5505
5/1/1992,0,139.7,,7.3,3388,3.823225806,2.16,
6/1/1992,0,140.2,,8,3388.7,3.762666667,2.21,
7/1/1992,0,140.5,10449.673,7.7,3393.2,3.253548387,2.48,-3.3605
8/1/1992,0,140.9,,7.4,3396.5,3.303225806,2.4,
9/1/1992,0,141.3,,7.3,3401.2,3.219666667,2.53,
10/1/1992,0,141.8,10558.648,6.9,3418.7,3.099032258,2.51,-2.7787
11/1/1992,0,142,,7.1,3433.4,3.087666667,2.29,
12/1/1992,0,141.9,,7.1,3441.3,2.919677419,2.1,
1/1/1993,0,142.6,10576.275,8,3423.6,3.024193548,2.21,-2.8558
2/1/1993,0,143.1,,7.8,3400.7,3.027142857,2.16,
3/1/1993,0,143.6,,7.4,3410.5,3.074193548,2.03,
4/1/1993,0,144,10637.847,6.9,3430.4,2.957666667,2.13,-2.147
5/1/1993,0,144.2,,6.8,3425,2.996129032,2.06,
6/1/1993,0,144.4,,7.2,3439.5,3.038,1.8,
7/1/1993,0,144.4,10688.606,7,3442.6,3.055483871,1.74,-0.9213
8/1/1993,0,144.8,,6.6,3440.9,3.032258065,1.68,
9/1/1993,0,145.1,,6.4,3443.5,3.086333333,1.51,
10/1/1993,0,145.7,10833.987,6.4,3452.7,2.992580645,1.46,-0.2991
11/1/1993,0,145.8,,6.2,3474.7,3.018,1.56,
12/1/1993,0,145.8,,6.1,3495.1,2.95516129,1.56,
1/1/1994,0,146.2,10939.116,7.3,3480.1,3.050645161,1.61,-0.0714
2/1/1994,0,146.7,,7.1,3459.7,3.245,1.5,
3/1/1994,0,147.2,,6.8,3477.2,3.335806452,1.48,
4/1/1994,0,147.4,11087.361,6.2,3503.1,3.555,1.42,0.1543
5/1/1994,0,147.5,,5.9,3474.5,4.010967742,1.21,
6/1/1994,0,148,,6.2,3477.4,4.245666667,1.17,
7/1/1994,0,148.4,11152.176,6.2,3491.5,4.256129032,1.17,-0.5625
8/1/1994,0,149,,5.9,3481.6,4.474516129,1.06,
9/1/1994,0,149.4,,5.6,3476.8,4.733666667,1.07,
10/1/1994,0,149.5,11279.932,5.4,3478.2,4.76,1.01,-0.8084
11/1/1994,0,149.7,,5.3,3491.8,5.294666667,0.81,
12/1/1994,0,149.7,,5.1,3507.8,5.453225806,0.22,
1/1/1995,0,150.3,11319.951,6.2,3495.3,5.527419355,0.27,-0.9572
2/1/1995,0,150.9,,5.9,3474.9,5.915357143,0.36,
3/1/1995,0,151.4,,5.7,3491.7,5.976451613,0.42,
4/1/1995,0,151.9,11353.721,5.6,3522.4,6.047333333,0.49,-1.152
5/1/1995,0,152.2,,5.5,3506.7,6.009032258,0.46,
6/1/1995,0,152.5,,5.8,3545.5,6.001333333,0.45,
7/1/1995,0,152.5,11450.31,5.9,3569.7,5.851935484,0.5,-0.282
8/1/1995,0,152.9,,5.6,3585.2,5.73516129,0.51,
9/1/1995,0,153.2,,5.4,3594.6,5.804666667,0.39,
10/1/1995,0,153.7,11528.067,5.2,3602.3,5.756129032,0.34,-0.2295
11/1/1995,0,153.6,,5.3,3622.9,5.803,0.45,
12/1/1995,0,153.5,,5.2,3653.3,5.601935484,0.39,
1/1/1996,0,154.4,11614.418,6.3,3651.3,5.56483871,0.54,0.1785
2/1/1996,0,154.9,,6,3647.5,5.224482759,0.78,
3/1/1996,0,155.7,,5.8,3694,5.314193548,0.61,
4/1/1996,0,156.3,11808.14,5.4,3720.6,5.223666667,0.55,0.1519
5/1/1996,0,156.6,,5.4,3690.1,5.23516129,0.64,
6/1/1996,0,156.7,,5.5,3721,5.273333333,0.61,
7/1/1996,0,157,11914.063,5.6,3734.1,5.396451613,0.6,-0.292
8/1/1996,0,157.3,,5.1,3741.6,5.222903226,0.61,
9/1/1996,0,157.8,,5,3744.2,5.299,0.6,
10/1/1996,0,158.3,12037.775,4.9,3758.7,5.238064516,0.62,-0.404
11/1/1996,0,158.6,,5,3797.2,5.311,0.5,
12/1/1996,0,158.6,,5,3839.8,5.294516129,0.52,
1/1/1997,0,159.1,12115.472,5.9,3839.5,5.254516129,0.57,-0.1907
2/1/1997,0,159.6,,5.7,3835.1,5.185714286,0.52,
3/1/1997,0,160,,5.5,3873.2,5.386129032,0.47,
4/1/1997,0,160.2,12317.221,4.8,3905.7,5.507333333,0.44,0.6885
5/1/1997,0,160.1,,4.7,3869.4,5.504193548,0.43,
6/1/1997,0,160.3,,5.2,3899.5,5.555666667,0.4,
7/1/1997,0,160.5,12471.01,5,3918.5,5.521290323,0.33,1.5016
8/1/1997,0,160.8,,4.8,3953.2,5.542258065,0.36,
9/1/1997,0,161.2,,4.7,3961.5,5.540666667,0.33,
10/1/1997,0,161.6,12577.495,4.4,3977.2,5.496129032,0.26,2.7142
11/1/1997,0,161.5,,4.3,4015.8,5.521666667,0.17,
12/1/1997,0,161.3,,4.4,4055.1,5.50483871,0.09,
1/1/1998,0,161.6,12703.742,5.2,4062.5,5.557419355,0.18,4.338
2/1/1998,0,161.9,,5,4080.1,5.505714286,0.15,
3/1/1998,0,162.2,,5,4131.7,5.493548387,0.09,
4/1/1998,0,162.5,12821.339,4.1,4174.6,5.445333333,0.08,4.5378
5/1/1998,0,162.8,,4.2,4144,5.488709677,0.06,
6/1/1998,0,163,,4.7,4174.6,5.558666667,-0.02,
7/1/1998,0,163.2,12982.752,4.7,4193.2,5.535806452,0,5.0959
8/1/1998,0,163.4,,4.5,4220.3,5.546774194,0.07,
9/1/1998,0,163.6,,4.4,4254.4,5.511666667,0.14,
10/1/1998,0,164,13191.67,4.2,4291.4,5.070967742,0.44,5.5542
11/1/1998,0,164,,4.1,4345.9,4.826,0.29,
12/1/1998,0,163.9,,4,4399.6,4.683548387,0.14,
1/1/1999,0,164.3,13315.597,4.8,4409.5,4.632580645,0.1,4.9125
2/1/1999,0,164.5,,4.7,4418.7,4.764642857,0.12,
3/1/1999,0,165,,4.4,4455.6,4.809354839,0.18,
4/1/1999,0,166.2,13426.748,4.1,4501.4,4.736333333,0.2,5.1631
5/1/1999,0,166.2,,4,4464.1,4.742258065,0.29,
6/1/1999,0,166.2,,4.5,4494.7,4.764666667,0.28,
7/1/1999,0,166.7,13604.771,4.5,4519.6,4.994193548,0.24,5.1218
8/1/1999,0,167.1,,4.2,4539.4,5.072258065,0.26,
9/1/1999,0,167.9,,4.1,4553.1,5.224333333,0.26,
10/1/1999,0,168.2,13827.98,3.8,4574.8,5.2,0.25,5.1055
11/1/1999,0,168.3,,3.8,4610.2,5.42,0.17,
12/1/1999,0,168.3,,3.7,4664.5,5.295806452,0.18,
1/1/2000,0,168.8,13878.147,4.5,4672.6,5.448387097,0.22,5.4703
2/1/2000,0,169.8,,4.4,4674.4,5.734827586,-0.09,
3/1/2000,0,171.2,,4.3,4736,5.853548387,-0.27,
4/1/2000,0,171.3,14130.908,3.7,4806.1,6.019666667,-0.41,5.9365
5/1/2000,0,171.5,,3.8,4732.3,6.268064516,-0.37,
6/1/2000,0,172.4,,4.1,4757.7,6.528333333,-0.38,
7/1/2000,0,172.8,14145.312,4.2,4773.9,6.544516129,-0.29,5.9711
8/1/2000,0,172.8,,4.1,4804.4,6.496774194,-0.4,
9/1/2000,0,173.7,,3.8,4840,6.517,-0.28,
10/1/2000,0,174,14229.765,3.6,4853.9,6.509354839,-0.17,6.1703
11/1/2000,0,174.1,,3.7,4882,6.514333333,-0.16,
12/1/2000,0,174,,3.7,4953,6.402258065,-0.11,
1/1/2001,0,175.1,14183.12,4.7,4979,5.975806452,0.4,6.1321
2/1/2001,0,175.8,,4.6,5008,5.494285714,0.44,
3/1/2001,0,176.2,,4.5,5098.3,5.310967742,0.55,
4/1/2001,1,176.9,14271.694,4.2,5174.1,4.802,0.91,5.3154
5/1/2001,1,177.7,,4.1,5111.2,4.212258065,1.13,
6/1/2001,1,178,,4.7,5160.6,3.969666667,1.2,
7/1/2001,1,177.5,14214.516,4.7,5189.2,3.769032258,1.2,5.7377
8/1/2001,1,177.5,,4.9,5225,3.652580645,1.21,
9/1/2001,1,178.3,,4.7,5336.6,3.069,1.61,
10/1/2001,1,177.7,14253.574,5,5321.7,2.48516129,1.84,5.9648
11/1/2001,1,177.4,,5.3,5384.7,2.087,1.87,
12/1/2001,0,176.7,,5.4,5465,1.817741935,1.98,
1/1/2002,0,177.1,14372.785,6.3,5451,1.729677419,2.01,5.9996
2/1/2002,0,177.8,,6.1,5470.4,1.739642857,1.89,
3/1/2002,0,178.8,,6.1,5519.2,1.73,1.72,
4/1/2002,0,179.8,14460.848,5.7,5533.4,1.753,1.79,6.8404
5/1/2002,0,179.8,,5.5,5499.8,1.751290323,1.9,
6/1/2002,0,179.9,,6,5537.8,1.750333333,1.94,
7/1/2002,0,180.1,14519.633,5.9,5578.7,1.729032258,2.09,7.2025
8/1/2002,0,180.7,,5.7,5621.7,1.743225806,2.13,
9/1/2002,0,181,,5.4,5646.5,1.750666667,1.87,
10/1/2002,0,181.3,14537.58,5.3,5685.3,1.75483871,2.03,6.9752
11/1/2002,0,181.3,,5.6,5757.5,1.336,2.13,
12/1/2002,0,180.9,,5.7,5804,1.238387097,2.19,
1/1/2003,0,181.7,14614.141,6.5,5793.5,1.23516129,2.31,6.4801
2/1/2003,0,183.1,,6.4,5820.8,1.262142857,2.27,
3/1/2003,0,184.2,,6.2,5882.1,1.252903226,2.24,
4/1/2003,0,183.8,14743.567,5.8,5938.5,1.258,2.34,6.7808
5/1/2003,0,183.5,,5.8,5938.2,1.259032258,2.15,
6/1/2003,0,183.7,,6.5,5992.4,1.222666667,2.1,
7/1/2003,0,183.9,14988.782,6.3,6035.3,1.011290323,2.51,7.0731
8/1/2003,0,184.6,,6,6091.8,1.029032258,2.59,
9/1/2003,0,185.2,,5.8,6063.9,1.01,2.56,
10/1/2003,0,185,15162.76,5.6,6048.3,1.01,2.54,8.6976
11/1/2003,0,184.5,,5.6,6077,0.996,2.37,
12/1/2003,0,184.3,,5.4,6098.6,0.984193548,2.36,
1/1/2004,0,185.2,15248.68,6.3,6058.9,0.997096774,2.39,10.2909
2/1/2004,0,186.2,,6,6089,1.007241379,2.34,
3/1/2004,0,187.4,,6,6168.5,1.001612903,2.25,
4/1/2004,0,188,15366.85,5.4,6235.9,1.004,2.28,11.0557
5/1/2004,0,189.1,,5.3,6249.6,1.004516129,2.19,
6/1/2004,0,189.7,,5.8,6272.8,1.025666667,1.97,
7/1/2004,0,189.4,15512.619,5.7,6279.1,1.263548387,1.86,11.7548
8/1/2004,0,189.5,,5.4,6300.9,1.429354839,1.77,
9/1/2004,0,189.9,,5.1,6334,1.605,1.6,
10/1/2004,0,190.9,15670.88,5.1,6355.6,1.760967742,1.52,11.6387
11/1/2004,0,191,,5.2,6405.1,1.932,1.34,
12/1/2004,0,190.3,,5.1,6447.4,2.156129032,1.22,
1/1/2005,0,190.7,15844.727,5.7,6404.1,2.279354839,1,12.7194
2/1/2005,0,191.8,,5.8,6405.7,2.501785714,0.79,
3/1/2005,0,193.3,,5.4,6464.9,2.629032258,0.77,
4/1/2005,0,194.6,15922.782,4.9,6508.3,2.785,0.69,12.8207
5/1/2005,0,194.4,,4.9,6459.8,3.002580645,0.5,
6/1/2005,0,194.5,,5.2,6511.8,3.035666667,0.36,
7/1/2005,0,195.4,16047.587,5.2,6530.7,3.262580645,0.31,11.9324
8/1/2005,0,196.4,,4.9,6555,3.499677419,0.22,
9/1/2005,0,198.8,,4.8,6587.7,3.623,0.25,
10/1/2005,0,199.2,16136.734,4.6,6615,3.779354839,0.19,10.9434
11/1/2005,0,197.6,,4.8,6655.7,3.999,0.12,
12/1/2005,0,196.8,,4.6,6708.9,4.157096774,0.07,
1/1/2006,0,198.3,16353.835,5.1,6707.1,4.28516129,0.02,8.6362
2/1/2006,0,198.7,,5.1,6724.2,4.491428571,-0.1,
3/1/2006,0,199.8,,4.8,6796.7,4.589354839,-0.01,
4/1/2006,0,201.5,16396.151,4.5,6860.1,4.790333333,0.1,3.4057
5/1/2006,0,202.5,,4.4,6798.4,4.940322581,0.14,
6/1/2006,0,202.9,,4.8,6852.1,4.991,-0.01,
7/1/2006,0,203.5,16420.738,5,6873.6,5.23516129,-0.03,-0.1808
8/1/2006,0,203.9,,4.6,6892.3,5.246451613,-0.02,
9/1/2006,0,202.9,,4.4,6919.7,5.254666667,-0.05,
10/1/2006,0,201.8,16561.866,4.1,6962.5,5.24516129,-0.07,-1.5357
11/1/2006,0,201.5,,4.3,7024.9,5.245666667,-0.14,
12/1/2006,0,201.8,,4.3,7100.1,5.238064516,-0.11,
1/1/2007,0,202.416,16611.69,5,7098.2,5.248387097,-0.12,-4.7299
2/1/2007,0,203.499,,4.9,7109.7,5.258928571,-0.13,
3/1/2007,0,205.352,,4.5,7207.6,5.256774194,-0.01,
4/1/2007,0,206.686,16713.314,4.3,7296.5,5.249666667,0.02,-7.1275
5/1/2007,0,207.949,,4.3,7241,5.253548387,-0.02,
6/1/2007,0,208.352,,4.7,7285.1,5.254,0.12,
7/1/2007,0,208.299,16809.587,4.9,7287.9,5.258387097,0.18,-8.7783
8/1/2007,0,207.917,,4.6,7347.2,5.022258065,0.36,
9/1/2007,0,208.49,,4.5,7367.6,4.938,0.51,
10/1/2007,0,208.936,16915.191,4.4,7378.6,4.755483871,0.56,-13.0734
11/1/2007,0,210.177,,4.5,7436.8,4.486666667,0.81,
12/1/2007,0,210.036,,4.8,7504.2,4.244516129,0.98,
1/1/2008,1,211.08,16843.003,5.4,7502.6,3.940322581,1.26,-15.751
2/1/2008,1,211.693,,5.2,7585.2,2.980689655,1.77,
3/1/2008,1,213.528,,5.2,7719.2,2.610322581,1.89,
4/1/2008,1,214.823,16943.291,4.8,7767.6,2.278333333,1.63,-17.34
5/1/2008,1,216.632,,5.2,7709.1,1.978387097,1.43,
6/1/2008,1,218.815,,5.7,7731.7,2.001,1.33,
7/1/2008,1,219.964,16854.295,6,7745,2.009677419,1.44,-19.4354
8/1/2008,1,219.086,,6.1,7742.7,1.996451613,1.47,
9/1/2008,1,218.783,,6,7815.6,1.811666667,1.61,
10/1/2008,1,216.573,16485.35,6.1,7922.1,0.969354839,2.2,-18.1758
11/1/2008,1,212.425,,6.5,8012.5,0.387666667,2.32,
12/1/2008,1,210.228,,7.1,8231.5,0.15516129,1.6,
1/1/2009,1,211.143,16298.262,8.5,8276.4,0.154193548,1.71,-15.956
2/1/2009,1,212.193,,8.9,8305.2,0.222142857,1.89,
3/1/2009,1,212.709,,9,8441.1,0.180645161,1.89,
4/1/2009,1,213.24,16269.145,8.6,8441.5,0.150333333,2,-10.9619
5/1/2009,1,213.856,,9.1,8428.6,0.177419355,2.36,
6/1/2009,1,215.693,,9.7,8441.3,0.206333333,2.54,
7/1/2009,0,215.351,16326.281,9.7,8407.6,0.155806452,2.54,-6.0967
8/1/2009,0,215.834,,9.6,8386.7,0.160322581,2.47,
9/1/2009,0,215.969,,9.5,8394.9,0.146666667,2.44,
10/1/2009,0,216.177,16502.754,9.5,8426.4,0.118064516,2.44,-3.4389
11/1/2009,0,216.33,,9.4,8501.2,0.119,2.6,
12/1/2009,0,215.949,,9.7,8543.7,0.118064516,2.72,
1/1/2010,0,216.687,16582.71,10.6,8464.4,0.11,2.8,-2.3573
2/1/2010,0,216.741,,10.4,8508.4,0.126428571,2.83,
3/1/2010,0,217.631,,10.2,8576.6,0.164516129,2.77,
4/1/2010,0,218.009,16743.162,9.5,8601.8,0.198333333,2.79,-1.4639
5/1/2010,0,218.178,,9.3,8584.2,0.200645161,2.59,
6/1/2010,0,217.965,,9.6,8606.4,0.176666667,2.48,
7/1/2010,0,218.011,16872.266,9.7,8576.9,0.182580645,2.39,-3.2949
8/1/2010,0,218.312,,9.5,8607.7,0.189354839,2.18,
9/1/2010,0,218.439,,9.2,8649.5,0.194666667,2.17,
10/1/2010,0,218.711,16960.864,9,8710.4,0.191290323,2.16,-4.7523
11/1/2010,0,218.803,,9.3,8775.5,0.194333333,2.31,
12/1/2010,0,219.179,,9.1,8857.6,0.183225806,2.67,
1/1/2011,0,220.223,16920.632,9.8,8850,0.168387097,2.78,-6.3334
2/1/2011,0,221.309,,9.5,8887.1,0.156785714,2.81,
3/1/2011,0,223.467,,9.2,9000.6,0.138709677,2.71,
4/1/2011,0,224.906,17035.114,8.7,9055.6,0.098,2.73,-7.2777
5/1/2011,0,225.964,,8.7,9025.6,0.093870968,2.61,
6/1/2011,0,225.722,,9.3,9113.9,0.092,2.59,
7/1/2011,0,225.922,17031.313,9.3,9266.6,0.070967742,2.59,-5.1768
8/1/2011,0,226.545,,9.1,9461.8,0.095806452,2.07,
9/1/2011,0,226.889,,8.8,9500.3,0.084,1.77,
10/1/2011,0,226.421,17222.583,8.5,9550.1,0.070645161,1.87,-4.0312
11/1/2011,0,226.23,,8.2,9633.1,0.081,1.76,
12/1/2011,0,225.672,,8.3,9729.2,0.071612903,1.72,
1/1/2012,0,226.665,17367.01,8.8,9761.9,0.081935484,1.73,-1.0609
2/1/2012,0,227.663,,8.7,9787,0.103793103,1.69,
3/1/2012,0,229.392,,8.4,9903.1,0.126774194,1.83,
4/1/2012,0,230.085,17444.525,7.7,9948.9,0.139333333,1.76,1.8792
5/1/2012,0,229.815,,7.9,9882.9,0.155806452,1.51,
6/1/2012,0,229.478,,8.4,9960.8,0.161666667,1.33,
7/1/2012,0,229.104,17469.65,8.6,10005.9,0.156451613,1.28,3.6748
8/1/2012,0,230.379,,8.2,10069,0.132258065,1.41,
9/1/2012,0,231.407,,7.6,10165.2,0.144333333,1.46,
10/1/2012,0,231.317,17489.852,7.5,10245.8,0.158387097,1.47,5.8446
11/1/2012,0,230.221,,7.4,10343,0.160666667,1.38,
12/1/2012,0,229.601,,7.6,10531.4,0.164516129,1.46,
1/1/2013,0,230.28,17662.4,8.5,10506.6,0.142580645,1.64,7.8073
2/1/2013,0,232.166,,8.1,10480,0.145,1.71,
3/1/2013,0,232.773,,7.6,10626.9,0.143548387,1.7,
4/1/2013,0,232.531,17709.671,7.1,10655.8,0.145,1.53,8.0958
5/1/2013,0,232.945,,7.3,10578.7,0.109032258,1.68,
6/1/2013,0,233.504,,7.8,10643.3,0.093666667,1.97,
7/1/2013,0,233.596,17860.45,7.7,10682.3,0.092580645,2.24,8.4758
8/1/2013,0,233.877,,7.3,10738,0.082903226,2.38,
9/1/2013,0,234.149,,7,10805.9,0.08,2.41,
10/1/2013,0,233.546,18016.147,7,10933,0.087096774,2.28,8.5589
11/1/2013,0,233.069,,6.6,10977.2,0.084333333,2.42,
12/1/2013,0,233.049,,6.5,11104.3,0.08516129,2.56,
1/1/2014,0,233.916,17953.974,7,11101.6,0.071612903,2.47,7.0839
2/1/2014,0,234.781,,7,11153.4,0.066428571,2.38,
3/1/2014,0,236.293,,6.8,11278.4,0.078064516,2.32,
4/1/2014,0,237.072,18185.911,5.9,11331.6,0.090333333,2.29,4.4004
5/1/2014,0,237.9,,6.1,11274.8,0.087096774,2.17,
6/1/2014,0,238.343,,6.3,11336.8,0.095666667,2.15,
7/1/2014,0,238.25,18406.941,6.5,11391.8,0.090967742,2.03,3.4722
8/1/2014,0,237.852,,6.3,11422.7,0.088064516,1.95,
9/1/2014,0,238.031,,5.7,11470.6,0.088333333,1.96,
10/1/2014,0,237.433,18500.031,5.5,11538.6,0.089032258,1.85,3.5963
11/1/2014,0,236.151,,5.5,11615,0.092,1.8,
12/1/2014,0,234.812,,5.4,11760,0.122580645,1.57,
1/1/2015,0,233.707,18666.621,6.1,11759,0.11483871,1.33,4.9292
2/1/2015,0,234.722,,5.8,11847.1,0.110714286,1.36,
3/1/2015,0,236.119,,5.6,11956.7,0.112903226,1.4,
4/1/2015,0,236.599,18782.243,5.1,12004.7,0.124666667,1.4,5.4335
5/1/2015,0,237.805,,5.3,11907.9,0.123225806,1.59,
6/1/2015,0,238.638,,5.5,11962.5,0.129,1.67,
7/1/2015,0,238.654,18857.418,5.6,12012.9,0.130322581,1.65,5.373
8/1/2015,0,238.316,,5.2,12070.4,0.138064516,1.47,
9/1/2015,0,237.945,,4.9,12138.2,0.136,1.46,
10/1/2015,0,237.838,18892.206,4.8,12171.5,0.123548387,1.43,4.9369
11/1/2015,0,237.336,,4.8,12297.9,0.117666667,1.38,
12/1/2015,0,236.525,,4.8,12427.3,0.240645161,1.26,
1/1/2016,0,236.916,19001.69,5.3,12478.4,0.342903226,1.19,4.254
2/1/2016,0,237.111,,5.2,12517.1,0.375172414,1.05,
3/1/2016,0,238.132,,5.1,12684.8,0.362258065,1.01,
4/1/2016,0,239.261,19062.709,4.7,12778.6,0.365333333,1.04,4.2379
5/1/2016,0,240.229,,4.5,12708.4,0.36516129,0.99,
6/1/2016,0,241.018,,5.1,12789,0.377666667,0.91,
7/1/2016,0,240.628,19197.938,5.1,12850.1,0.391612903,0.83,4.1358
8/1/2016,0,240.849,,5,12946.7,0.396774194,0.82,
9/1/2016,0,241.428,,4.8,13016.2,0.396333333,0.86,
10/1/2016,0,241.729,19304.352,4.7,13079.4,0.396451613,0.92,3.5371
11/1/2016,0,241.353,,4.4,13191.8,0.406666667,1.16,
12/1/2016,0,241.432,,4.5,13299.9,0.54,1.29,
1/1/2017,0,242.839,19398.343,5.1,13281.6,0.649677419,1.22,2.9192
2/1/2017,0,243.603,,4.9,13305.6,0.656785714,1.22,
3/1/2017,0,243.801,,4.6,13491.7,0.786129032,1.17,
4/1/2017,0,244.524,19506.949,4.1,13565,0.896,1.06,3.8673
5/1/2017,0,244.733,,4.1,13474.1,0.907419355,1,
6/1/2017,0,244.955,,4.5,13522.1,1.04,0.85,
7/1/2017,0,244.786,19660.766,4.6,13584.4,1.150645161,0.95,3.9442
8/1/2017,0,245.519,,4.5,13653.7,1.157096774,0.87,
9/1/2017,0,246.819,,4.1,13705.5,1.153333333,0.82,
10/1/2017,0,246.663,19882.352,3.9,13750.7,1.153870968,0.81,3.8166
11/1/2017,0,246.669,,3.9,13819.9,1.157,0.65,
12/1/2017,0,246.524,,3.9,13945,1.301612903,0.56,
1/1/2018,0,247.867,20044.077,4.5,13863.1,1.414516129,0.55,3.9478
2/1/2018,0,248.991,,4.4,13849.1,1.4175,0.68,
3/1/2018,0,249.554,,4.1,14031,1.506129032,0.56,
4/1/2018,0,250.546,20150.476,3.7,14069.5,1.692333333,0.49,3.1555
5/1/2018,0,251.588,,3.6,13980.4,1.7,0.47,
6/1/2018,0,251.989,,4.2,14074.7,1.819666667,0.38,
7/1/2018,0,252.006,20276.154,4.1,14109.6,1.91,0.28,2.6673
8/1/2018,0,252.146,,3.9,14164.9,1.91483871,0.25,
9/1/2018,0,252.439,,3.6,14199.5,1.954666667,0.23,
10/1/2018,0,252.885,20304.874,3.5,14201.4,2.187741935,0.29,2.376
11/1/2018,0,252.038,,3.5,14255.1,2.197666667,0.26,
12/1/2018,0,251.233,,3.7,14448.8,2.274193548,0.15,
1/1/2019,0,251.712,20415.15,4.4,14423.8,2.4,0.17,2.1162
2/1/2019,0,252.776,,4.1,14401.9,2.4,0.18,
3/1/2019,0,254.202,,3.9,14572.5,2.40516129,0.16,
4/1/2019,0,255.548,20584.528,3.3,14623,2.423666667,0.19,1.7837
5/1/2019,0,256.092,,3.4,14575,2.390967742,0.19,
6/1/2019,0,256.143,,3.8,14734.8,2.377666667,0.26,
7/1/2019,0,256.571,20817.581,4,14814.4,2.402903226,0.22,2.0457
8/1/2019,0,256.558,,3.8,14896.1,2.125806452,0.06,
9/1/2019,0,256.759,,3.3,14986.8,2.043,0.05,
10/1/2019,0,257.346,20951.088,3.3,15112.2,1.829677419,0.16,2.3864
11/1/2019,0,257.208,,3.3,15259.4,1.553333333,0.2,
12/1/2019,0,256.974,,3.4,15412.5,1.550967742,0.25,
1/1/2020,0,257.971,20665.553,4,15397.1,1.550645161,0.24,2.9791
2/1/2020,0,258.678,,3.8,15382.3,1.583103448,0.17,
3/1/2020,1,258.115,,4.5,16051.5,0.652258065,0.42,
4/1/2020,1,256.389,19034.83,14.4,17097.7,0.049,0.44,4.5728
5/1/2020,0,256.394,,13,17762.5,0.05,0.5,
6/1/2020,0,257.797,,11.2,18099.1,0.077666667,0.55,
7/1/2020,0,259.101,20511.785,10.5,18248.1,0.092580645,0.47,5.8359
8/1/2020,0,259.918,,8.5,18315.1,0.09516129,0.51,
9/1/2020,0,260.28,,7.7,18538.7,0.09,0.55,
10/1/2020,0,260.388,20724.128,6.6,18684.8,0.09,0.64,8.1781
11/1/2020,0,260.229,,6.4,18975.4,0.086333333,0.7,
12/1/2020,0,260.474,,6.5,19242.7,0.09,0.79,
1/1/2021,0,261.582,20990.541,6.8,19367.9,0.08516129,0.95,9.3439
2/1/2021,0,263.014,,6.6,19518.8,0.075714286,1.14,
3/1/2021,0,264.877,,6.2,19941,0.069677419,1.46,
4/1/2021,0,267.054,21309.544,5.7,20263.2,0.069,1.47,10.5287
5/1/2021,0,269.195,,5.5,20310.1,0.058064516,1.47,
6/1/2021,0,271.696,,6.1,20431.3,0.078,1.32,
7/1/2021,0,273.003,21483.083,5.7,20556.1,0.098064516,1.1,11.1874
8/1/2021,0,273.567,,5.3,20748.5,0.092258065,1.06,
9/1/2021,0,274.31,,4.6,20922,0.079333333,1.13,
10/1/2021,0,276.589,21847.602,4.3,21087.9,0.079032258,1.19,10.0396
11/1/2021,0,277.948,,3.9,21323.3,0.079666667,1.05,
12/1/2021,0,278.802,,3.7,21646.7,0.079677419,0.78,
1/1/2022,0,281.148,21738.871,4.4,21628.7,0.079354839,0.78,10.3595
2/1/2022,0,283.716,,4.1,21582.8,0.08,0.49,
3/1/2022,0,287.504,,3.8,21856,0.200967742,0.22,
4/1/2022,0,289.109,21708.16,3.3,21848.1,0.33,0.21,7.7751
5/1/2022,0,292.296,,3.4,21552.2,0.765483871,0.28,
6/1/2022,0,296.311,,3.8,21577.8,1.205,0.14,
7/1/2022,0,296.276,21851.134,3.8,21578.2,1.675806452,-0.14,2.7129
8/1/2022,0,296.171,,3.8,21552.5,2.33,-0.35,
9/1/2022,0,296.808,,3.3,21475.2,2.555,-0.34,
10/1/2022,0,298.012,21989.981,3.4,21388.9,3.08,-0.4,-0.0601
11/1/2022,0,297.711,,3.4,21401.3,3.78,-0.61,
12/1/2022,0,296.797,,3.3,21433.3,4.104193548,-0.67,
1/1/2023,0,299.17,22112.329,3.9,21290.1,4.33,-0.68,-2.2442
2/1/2023,0,300.84,,3.9,21136.4,4.57,-0.78,
3/1/2023,0,301.836,,3.6,21042.2,4.649032258,-0.64,
4/1/2023,0,303.363,22225.35,3.1,20859.1,4.83,-0.56,-2.2605
5/1/2023,0,304.127,,3.4,20728.5,5.055806452,-0.56,
6/1/2023,0,305.109,,3.8,20767.4,5.076333333,-0.89,
7/1/2023,0,305.691,22490.692,3.8,20745.4,5.12,-0.93,1.0205
8/1/2023,0,307.026,,3.9,20721.3,5.33,-0.73,
9/1/2023,0,307.789,,3.6,20699.8,5.33,-0.64,
10/1/2023,0,307.671,22672.859,3.6,20671.2,5.33,-0.27,
11/1/2023,0,307.051,,3.5,20760.4,5.33,-0.38,
12/1/2023,0,306.746,,3.5,20929,5.33,-0.44,